ID_project;ID_lan;class_number;class_type;longitude;latitude;geo_acc;date;date_acc
LIG_0001;a;N1;NS;9.716165;44.229047;P2;01/11/2010 11:00;OD
LIG_0002;a;N1;NS;9.843623;44.133743;P2;01/11/2010 04:00;OD
LIG_0003;a;N2;NS;9.918805;44.069148;P2;22/11/2010 07:00;OD
LIG_0005;a;N2;NS;9.893037;44.144603;P2;21/11/2010 22:59;G
LIG_0006;a;N1;NS;9.919812;44.06801;P2;22/12/2010 07:00;O
LIG_0007;a;N2;NS;9.975303;44.116053;P2;24/12/2009 22:59;OD
LIG_0008;a;N1;NS;9.750307;44.207225;P2;24/12/2009 22:59;OD
LIG_0010;a;N1;CF;9.880779;44.152822;P2;20/01/2009 16:00;OD
LIG_0011;a;N1;NS;9.876868;44.153482;P1;24/12/2009 22:59;OD
LIG_0013;a;N2;NS;9.836619;44.138874;P2;10/02/2009 12:00;OD
LIG_0014;a;N1;FC;9.297518;44.327032;P1;10/02/2009 04:00;OD
LIG_0016;a;N1;NS;8.772806;44.459291;P1;30/11/2009 04:30;OD
LIG_0017;a;N1;NS;8.603191;44.484355;P1;30/11/2009 04:00;OD
LIG_0018;a;N2;NS;9.886954;44.149914;P2;11/05/2010 14:00;OD
LIG_0020;a;N2;NS;9.784198;44.09701;P2;29/07/2010 12:00;O
LIG_0030;a;N1;NS;9.754215;44.21287;P1;09/11/2010 06:00;OD
LIG_0032;a;N1;NS;9.763944;44.2108;P2;06/12/2010 21:00;O
LIG_0033;a;N1;NS;9.791829;44.13059;P1;06/12/2010 22:59;G
LIG_0034;a;N1;CF;9.151604;44.411295;P2;08/09/2010 04:00;OD
LIG_0035;a;N1;FC;9.114331;44.367863;P2;08/09/2010 15:00;OD
LIG_0037;a;N1;NS;8.57494;44.374924;P2;05/10/2010 03:00;OD
LIG_0038;a;N2;NS;8.826253;44.442952;P1;04/10/2010 11:00;OD
LIG_0040;a;N1;NS;7.731065;43.824305;P2;31/10/2010 14:00;OD
LIG_0041;a;N1;NS;7.692902;43.793019;P1;01/11/2010 11:20;O
LIG_0042;a;N2;FC;8.126869;43.927853;P2;02/11/2010 04:00;OD
LIG_0043;a;N1;FC;8.489062;44.314599;P1;31/10/2010 12:40;O
LIG_0046;a;N1;NS;9.257622;44.458802;P1;09/05/2010 04:40;O
LIG_0050;a;N2;NS;8.559689;44.352784;P2;04/10/2010 09:17;O
LIG_0051;a;N1;NS;9.381846;44.402215;P2;02/11/2010 15:50;OD
LIG_0052;a;N1;FC;7.833503;43.940093;P2;10/01/2010 02:00;OD
LIG_0054;a;N1;NS;8.482054;44.357174;P2;04/11/2008 05:00;O
LIG_0056;a;N1;NS;7.937653;43.854787;P2;21/01/2009 04:45;O
LIG_0057;a;N1;NS;7.846959;43.905389;P2;21/01/2009 01:00;O
LIG_0059;a;N1;NS;9.004782;44.456203;P1;30/11/2008 23:59;O
LIG_0060;a;N1;NS;8.849963;44.441084;P2;04/11/2008 21:00;OD
LIG_0061;a;N1;NS;7.659286;43.881358;P3;15/12/2008 10:00;OD
LIG_0062;a;N1;FC;8.428948;44.325859;P1;06/02/2009 18:00;O
LIG_0063;a;N1;NS;9.387681;44.268937;P1;07/02/2009 04:00;OD
LIG_0064;a;N1;FC;8.492147;44.317873;P1;19/12/2008 04:15;O
LIG_0066;a;N1;NS;8.206074;44.380404;P1;06/03/2009 04:00;OD
LIG_0068;a;N1;NS;9.051729;44.441572;P1;27/04/2009 02:00;O
LIG_0069;a;N1;FC;7.59956;43.793433;P1;27/04/2009 08:30;OD
LIG_0070;a;N1;NS;8.946618;44.433146;P1;27/04/2009 05:00;O
LIG_0071;a;N1;NS;9.868501;44.093383;P2;10/12/2008 23:59;G
LIG_0073;a;N1;NS;9.198571;44.386543;P2;20/01/2009 06:00;O
LIG_0074;a;N1;FC;9.277256;44.332501;P1;30/11/2008 08:00;O
LIG_0080;a;N1;NS;8.560871;44.354474;P2;25/09/2006 12:00;O
LIG_0081;a;N1;NS;9.921536;44.066262;P2;05/12/2005 02:00;O
LIG_0082;a;N1;NS;8.286036;44.406009;P1;27/04/2009 19:30;O
LIG_0083;a;N1;FC;7.909351;44.049702;P2;27/04/2009 21:59;O
LIG_0087;a;N1;NS;8.625;44.37583;P2;29/10/2008 16:00;OD
LIG_0090;a;N1;FC;9.382182;44.285922;P1;08/11/2009 07:00;OD
LIG_0091;a;N1;NS;9.277628;44.335668;P1;06/02/2009 08:00;O
LIG_0092;a;N1;NS;8.893899;44.46396;P2;07/02/2009 19:00;OD
LIG_0094;a;N1;NS;9.166052;44.404199;P1;05/02/2009 11:00;O
LIG_0095;a;N1;FC;9.170117;44.35495;P1;05/02/2009 04:30;OD
LIG_0097;a;N1;NS;8.490052;44.404665;P1;10/10/2009 13:00;OD
LIG_0098;a;N1;NS;8.957939;44.64188;P1 ;07/02/2009 07:25;O
LIG_0100;a;N1;NS;7.816417;43.969661;P2;14/03/2011 04:00;O
LIG_0101;a;N1;NS;8.168929;44.35683;P2;15/03/2011 21:00;O
LIG_0102;a;N1;NS;8.721612;44.447597;P2;16/03/2011 14:00;OD
LIG_0103;a;N1;NS;8.699122;44.538866;P1;15/03/2011 22:00;O
LIG_0104;a;N1;NS;9.021243;44.444482;P1;30/11/2009 13:00;OD
LIG_0105;a;N1;FC;7.594853;43.841222;P1;01/12/2009 05:00;O
LIG_0111;a;N2;NS;9.354914;44.361;P1;22/12/2009 10:00;OD
LIG_0112;a;N1;CF;9.383221;44.421825;P1;23/12/2009 05:00;O
LIG_0114;a;N1;FC;7.53519;43.882386;P1;22/12/2009 04:00;OD
LIG_0115;a;N1;FC;7.687035;43.787456;P1;23/12/2009 14:00;OD
LIG_0116;a;N1;FC;8.070068;43.891868;P1;24/12/2009 17:40;O
LIG_0117;a;N2;FC;8.16963;43.960579;P1;24/12/2009 18:00;OD
LIG_0119;a;N1;NS;8.488988;44.314557;P1;27/07/2011 13:00;O
LIG_0120;a;N1;NS;9.922528;44.07348;P1;07/01/2011 15:00;O
LIG_0132;a;N2;NS;8.380756;44.333428;P1;04/09/2011 15:00;OD
LIG_0134;a;N1;NS;8.994042;44.540305;P1;09/06/2011 03:00;OD
LIG_0137;a;N1;FC;9.212639;44.311599;P1;05/09/2011 03:00;OD
LIG_0140;a;N1;FC;7.982696;44.019514;P1;17/03/2011 04:00;OD
LIG_0144;a;N1;NS;9.763508;44.215634;P1;25/10/2011 12:00;O
LIG_0145;a;N1;NS;9.690039;44.131103;P1;25/10/2011 13:45;O
LIG_0147;a;N1;FC;8.498472;44.323455;P1;11/10/2004 17:00;OD
LIG_0148;a;N1;NS;8.325237;44.174589;P2;30/10/2004 04:00;OD
LIG_0149;a;N1;NS;8.542089;44.337059;P1;02/11/2004 04:00;OD
LIG_0151;a;N1;NS;8.437697;44.346794;P1;11/09/2005 05:45;O
LIG_0152;a;N1;FC;7.744793;43.839208;P1;19/10/2005 09:00;OD
LIG_0153;a;N1;NS;9.479347;44.270414;P1;23/10/2005 21:59;OD
LIG_0155;a;N1;NS;8.850315;44.454471;P2;05/11/2005 04:00;OD
LIG_0156;a;N1;FC;8.191542;44.017734;P1;03/12/2005 04:00;OD
LIG_0157;a;N1;NS;7.865046;43.872375;P1;03/12/2005 22:59;OD
LIG_0159;a;N1;NS;8.536033;44.334796;P1;03/12/2005 10:00;OD
LIG_0162;a;N1;NS;8.940697;44.59119;P1;16/08/2006 06:00;OD
LIG_0163;a;N1;NS;8.444476;44.347365;P1;25/09/2006 16:00;OD
LIG_0164;a;N1;NS;8.476165;44.361678;P2;26/09/2006 19:00;OD
LIG_0165;a;N1;NS;9.479474;44.266905;P2;21/10/2006 08:00;OD
LIG_0166;a;N1;NS;8.944049;44.512614;P1;07/12/2006 04:00;OD
LIG_0167;a;N1;CF;7.734856;43.900197;P1 ;08/12/2006 21:30;O
LIG_0168;a;N1;FC;8.336509;44.166588;P1;21/01/2009 15:30;O
LIG_0172;a;N1;NS;7.809847;43.974267;P1;11/01/2008 23:59;O
LIG_0173;a;N1;NS;7.970363;43.889809;P1;12/01/2008 07:00;OD
LIG_0174;a;N2;NS;7.980163;43.881068;P1;12/01/2008 09:00;OD
LIG_0177;a;N1;NS;9.829652;44.199743;P1;10/03/2008 20:00;OD
LIG_0178;a;N1;FC;9.318377;44.366774;P1;19/04/2008 06:00;OD
LIG_0181;a;N1;NS;9.662829;44.27347;P1;18/06/2008 04:30;O
LIG_0183;a;N1;NS;9.370635;44.309122;P1;12/11/2008 12:00;OD
LIG_0184;a;N1;NS;9.362355;44.350852;P1;12/11/2008 12:00;OD
LIG_0185;a;N1;NS;7.65808;43.78546;P1;01/12/2008 05:30;O
LIG_0186;a;N1;NS;9.343316;44.35812;P1;01/12/2008 22:59;OD
LIG_0188;a;N1;NS;9.843685;44.179233;P1;10/12/2008 18:45;O
LIG_0189;a;N1;NS;8.026668;44.115872;P1;16/12/2008 09:30;O
LIG_0190;a;N1;NS;9.044111;44.55276;P1;15/04/2008 20:00;OD
LIG_0192;a;N1;NS;9.591795;44.284816;P1;20/01/2009 10:15;OD
LIG_0193;a;N1;NS;8.940482;44.559434;P1;21/01/2009 07:00;OD
LIG_0194;a;N1;NS;9.871555;44.097808;P1;21/01/2009 04:00;OD
LIG_0197;a;N1;NS;9.752379;44.218081;P1;02/02/2009 18:00;OD
LIG_0198;a;N1;NS;8.971226;44.571201;P1;05/02/2009 14:00;OD
LIG_0200;a;N1;NS;9.03899;44.553309;P1;06/02/2009 14:00;OD
LIG_0202;a;N1;NS;9.744924;44.101757;P1;05/03/2009 14:00;OD
LIG_0203;a;N1;NS;9.809723;44.082593;P1;30/03/2009 03:00;OD
LIG_0204;a;N1;FS;9.418078;44.410934;P1;02/04/2009 21:59;OD
LIG_0206;a;N1;CT;8.211959;44.359772;P1;27/04/2009 15:00;OD
LIG_0207;a;N1;FC;7.591095;43.84241;P1;27/04/2009 16:00;O
LIG_0208;a;N2;CF;7.804321;43.960411;P1;27/04/2009 16:30;O
LIG_0211;a;N1;NS;7.976136;43.974525;P1;09/11/2009 14:00;O
LIG_0212;a;N1;FC;7.782912;43.851463;P1;09/11/2009 12:00;O
LIG_0213;a;N1;NS;8.990467;44.444673;P1;30/11/2009 08:00;O
LIG_0214;a;N1;FS;9.350336;44.354201;P2;08/12/2009 04:00;OD
LIG_0215;a;N1;NS;7.844187;43.91239;P1;22/12/2009 03:00;O
LIG_0216;a;N1;NS;9.695633;44.243477;P1;23/12/2009 04:00;OD
LIG_0217;a;N1;NS;7.863165;43.848858;P1;23/12/2009 04:00;O
LIG_0219;a;N1;NS;9.234675;44.362888;P1;30/12/2009 19:45;O
LIG_0220;a;N1;NS;7.863287;43.841725;P1;24/12/2009 18:00;OD
LIG_0221;a;N1;NS;8.134886;43.944666;P2;08/01/2010 19:30;OD
LIG_0222;a;N1;NS;8.179426;44.015377;P2;19/02/2010 16:00;OD
LIG_0223;a;N1;NS;8.384129;44.33208;P2;20/02/2010 07:30;O
LIG_0224;a;N1;FC;7.536982;43.876751;P1;21/02/2010 06:00;O
LIG_0225;a;N2;NS;9.299011;44.336238;P2;19/02/2010 20:50;O
LIG_0226;a;N1;NS;8.973243;44.451234;P1;16/06/2010 05:30;OD
LIG_0227;a;N2;NS;9.836979;44.058561;P2;13/08/2010 09:00;OD
LIG_0228;a;N1;NS;9.850707;44.15312;P1;28/09/2010 06:00;OD
LIG_0230;a;N1;NS;8.712868;44.450716;P2;31/10/2010 04:00;OD
LIG_0231;a;N1;NS;8.909094;44.506888;P2;31/10/2010 04:00;OD
LIG_0232;a;N1;FC;7.570623;43.821726;P1;30/10/2010 23:59;O
LIG_0233;a;N1;NS;9.956701;44.152118;P1;01/11/2010 15:30;OD
LIG_0234;a;N1;NS;8.565079;44.381498;P1;02/11/2010 12:00;OD
LIG_0235;a;N1;FC;8.152995;44.047332;P1;01/11/2010 05:00;OD
LIG_0236;a;N1;NS;9.824955;44.218535;P2;16/11/2010 04:00;OD
LIG_0237;a;N1;NS;9.761738;44.253836;P2;16/11/2010 04:00;OD
LIG_0238;a;N1;FC;9.855125;44.215726;P2;06/12/2010 14:30;OD
LIG_0240;a;N1;NS;7.721523;43.805799;P1;08/12/2010 14:00;OD
LIG_0241;a;N1;CD;7.825211;43.909092;P1;22/12/2010 10:00;OD
LIG_0242;a;N1;NS;9.923744;44.10891;P1;23/12/2010 16:00;OD
LIG_0243;a;N1;NS;9.698427;44.250465;P2;23/12/2010 05:00;O
LIG_0244;a;N1;NS;7.688631;43.788386;P1;24/12/2010 04:00;OD
LIG_0245;a;N1;NS;9.891493;44.096799;P1;24/12/2010 04:00;OD
LIG_0246;a;N1;FS;8.121893;44.298346;P1;24/12/2010 09:00;OD
LIG_0247;a;N1;NS;9.224236;44.364467;P2;23/12/2010 21:30;OD
LIG_0249;a;N1;NS;9.725211;44.123957;P2;25/12/2010 10:00;OD
LIG_0250;a;N2;FC;8.676058;44.479476;P2;11/01/2011 12:00;OD
LIG_0251;a;N1;FS;8.930391;44.548159;P1;16/02/2011 20:00;OD
LIG_0252;a;N1;NS;9.761738;44.253836;P2;17/02/2011 14:00;OD
LIG_0253;a;N1;CF;9.898319;44.196059;P1;17/02/2011 16:00;OD
LIG_0254;a;N1;NS;9.840417;44.135534;P2;14/03/2011 06:00;OD
LIG_0255;a;N1;NS;9.157701;44.381195;P1;29/03/2011 19:30;O
LIG_0256;a;N1;NS;8.392793;44.204367;P2;26/10/2011 05:25;OD
LIG_0257;a;N1;NS;8.67372;44.552352;P2;04/11/2011 21:00;OD
LIG_0258;a;N2;NS;9.752122;44.216874;P2;05/11/2011 07:00;OD
LIG_0259;a;N1;NS;8.181826;44.319444;P1;05/11/2011 10:30;OD
LIG_0261;a;N1;NS;7.760815;43.993652;P1;06/11/2011 06:00;OD
LIG_0262;a;N1;NS;8.207971;44.38173;P1;08/11/2011 04:00;OD
LIG_0263;a;N1;NS;8.96109;44.417171;P1;08/11/2011 12:00;OD
LIG_0264;a;N1;FC;8.491596;44.316918;P1;09/11/2011 04:00;OD
LIG_0267;a;N1;NS;8.913543;44.427231;P1;05/03/2012 10:30;O
LIG_0268;a;N1;FC;7.574566;43.855412;P1;11/04/2012 15:00;O
LIG_0269;a;N1;NS;9.217893;44.38221;P2;02/05/2012 01:30;O
LIG_0270;a;N1;NS;8.956889;44.62537;P2;30/08/2012 18:15;OD
LIG_0272;a;N1;FC;8.541693;44.336242;P1;25/09/2012 16:00;OD
LIG_0274;a;N1;NS;9.276153;44.551743;P1;27/10/2012 03:00;OD
LIG_0275;a;N1;FS;9.894018;44.143352;P1;29/10/2012 18:00;OD
LIG_0276;a;N1;FC;8.736774;44.437271;P1;05/11/2012 01:00;OD
LIG_0277;a;N1;FC;8.169192;43.961053;P1;10/11/2012 22:50;OD
LIG_0278;a;N1;FC;7.647145;43.880698;P2;11/11/2012 11:00;OD
LIG_0279;a;N1;NS;7.947467;43.914812;P1;27/11/2012 18:00;OD
LIG_0280;a;N1;NS;7.554951;43.836882;P1;27/11/2012 19:30;O
LIG_0281;a;N1;NS;7.591608;43.817859;P2;28/11/2012 21:30;OD
LIG_0282;a;N1;NS;7.583453;43.842138;P2;28/11/2012 21:30;OD
LIG_0283;a;N1;NS;8.797391;44.442913;P2;29/11/2012 04:00;OD
LIG_0284;a;N1;NS;8.908148;44.46747;P1;30/11/2012 18:00;OD
LIG_0285;a;N1;FC;9.382334;44.285828;P1 ;21/01/2013 04:30;O
LIG_0286;a;N1;CF;9.724868;44.214377;P1;21/01/2013 04:00;OD
LIG_0287;a;N1;FS;9.902002;44.135442;P1;21/01/2013 18:00;OD
LIG_0290;a;N1;NS;9.144988;44.36052;P1;07/03/2013 02:00;O
LIG_0291;a;N1;NS;8.300637;44.215142;P1;07/03/2013 20:00;OD
LIG_0292;a;N1;NS;8.285527;44.217972;P1;06/03/2013 18:00;OD
LIG_0293;a;N1;FC;9.437899;44.246784;P1;09/03/2013 01:30;O
LIG_0295;a;N1;NS;7.646421;43.920441;P1;08/03/2013 20:00;OD
LIG_0296;a;N1;NS;9.386979;44.317221;P1;09/03/2013 11:00;OD
LIG_0297;a;N1;NS;9.182308;44.339296;P2;09/03/2013 16:00;OD
LIG_0298;a;N1;NS;9.758592;44.167725;P1;11/03/2013 17:00;OD
LIG_0300;a;N1;CF;9.489537;44.250845;P1;18/03/2013 10:00;OD
LIG_0301;a;N1;NS;8.832641;44.438172;P2;18/03/2013 05:00;OD
LIG_0302;a;N1;FS;8.345;44.242289;P1;24/03/2013 03:00;OD
LIG_0303;a;N1;NS;8.351193;44.226515;P1;08/03/2013 22:59;OD
LIG_0304;a;N2;FC;9.361583;44.352705;P1;29/03/2013 06:00;O
LIG_0305;a;N1;NS;8.306548;44.180077;P1;05/11/2011 04:00;OD
LIG_0306;a;N1;NS;8.317923;44.228851;P1;06/11/2011 19:00;OD
LIG_0307;a;N1;FS;8.31316;44.451215;P1;06/11/2011 04:00;OD
LIG_0308;a;N1;NS;8.665006;44.565259;P1;05/11/2011 04:00;OD
LIG_0309;a;N1;NS;8.682184;44.559668;P1;05/11/2011 04:00;OD
LIG_0310;a;N1;NS;9.46384;44.277228;P1;26/10/2012 14:00;OD
LIG_0311;a;N1;FS;10.039465;44.079039;P1;11/11/2012 04:00;OD
LIG_0312;a;N1;NS;10.025094;44.106046;P1;11/11/2012 07:00;OD
LIG_0313;a;N1;FS;10.039529;44.079202;P1;28/11/2012 04:00;OD
LIG_0314;a;N1;SC;9.624621;44.191758;P1;11/03/2013 14:00;OD
LIG_0315;a;N1;NS;9.83672;44.137269;P1;18/03/2013 04:00;OD
LIG_0316;a;N1;FS;9.88802;44.149131;P1;18/03/2013 07:00;OD
LIG_0317;a;N1;NS;8.064596;43.933987;P2;04/04/2013 18:00;OD
LIG_0318;a;N1;NS;8.369515;44.293083;P1;05/04/2013 04:00;OD
LIG_0319;a;N1;NS;7.651078;43.811346;P1;05/04/2013 15:00;OD
LIG_0320;a;N1;NS;9.204261;44.374264;P2;27/04/2013 15:00;OD
LIG_0321;a;N1;NS;9.184832;44.405078;P1;27/04/2013 20:00;OD
LIG_0323;a;N1;NS;9.100348;44.447066;P1;16/05/2013 15:00;OD
LIG_0324;a;N1;NS;8.032034;44.031692;P2;18/05/2013 21:59;OD
LIG_0325;a;N1;FC;9.976732;44.036043;P1;19/05/2013 15:00;OD
LIG_0326;a;N1;NS;8.500864;44.387288;P1;19/05/2013 19:00;OD
LIG_0327;a;N1;FS;7.808361;43.974939;P1;17/07/2013 15:00;OD
LIG_0328;a;N1;FC;8.411683;44.328409;P2;29/09/2013 03:00;OD
LIG_0329;a;N1;NS;9.016714;44.424409;P1;30/09/2013 07:00;OD
LIG_0330;a;N1;NS;9.75882;44.165703;P1;21/10/2013 18:00;OD
LIG_0331;a;N1;FC;9.768328;44.120882;P1;21/10/2013 21:59;G
LIG_0332;a;N1;NS;9.83522;44.179459;P1;21/10/2013 21:59;G
LIG_0333;a;N1;FC;8.705746;44.45214;P2;22/10/2013 09:00;OD
LIG_0334;a;N2;FS;9.38821;44.40989;P2;22/10/2013 03:00;OD
LIG_0335;a;N2;FS;9.357263;44.385807;P1;22/10/2013 03:00;OD
LIG_0336;a;N1;FS;9.300024;44.375314;P1;22/10/2013 03:00;OD
LIG_0337;a;N1;FS;9.38935;44.378812;P1;22/10/2013 03:00;OD
LIG_0338;a;N1;NS;9.798292;44.121612;P1;24/10/2013 03:00;OD
LIG_0339;a;N1;FS;9.223291;44.422435;P1;30/10/2013 08:00;OD
LIG_0340;a;N1;FS;9.250265;44.449406;P1;30/10/2013 10:00;OD
LIG_0341;a;N1;NS;9.202931;44.415212;P1;30/10/2013 08:00;OD
LIG_0342;a;N1;NS;8.950534;44.620882;P2;30/10/2013 01:30;O
LIG_0343;a;N1;NS;9.380929;44.380224;P2;03/11/2013 07:00;OD
LIG_0344;a;N1;FC;8.421166;44.192694;P1;18/11/2013 12:00;OD
LIG_0345;a;N1;FC;7.590938;43.841922;P1;20/12/2013 07:00;OD
LIG_0346;a;N1;NS;7.834815;43.951852;P1;25/12/2013 22:59;G
LIG_0347;a;N1;NS;8.020166;43.916383;P2;26/12/2013 12:00;OD
LIG_0348;a;N1;NS;7.812788;44.071015;P1;26/12/2013 04:00;OD
LIG_0349;a;N1;NS;8.90515;44.497949;P1;26/12/2013 09:00;OD
LIG_0350;a;N1;NS;8.217556;44.208469;P1;26/12/2013 07:00;OD
LIG_0351;a;N2;NS;9.142259;44.440535;P1;26/12/2013 07:00;OD
LIG_0352;a;N1;NS;9.374866;44.395529;P1;26/12/2013 07:00;OD
LIG_0353;a;N1;FS;9.231625;44.42344;P1;26/12/2013 07:00;OD
LIG_0354;a;N1;NS;8.220911;44.400715;P1;26/12/2013 09:30;OD
LIG_0355;a;N1;NS;9.120666;44.436154;P1;27/12/2013 06:00;OD
LIG_0356;a;N1;NS;7.646876;43.790041;P1;29/12/2013 07:00;OD
LIG_0357;a;N1;FC;9.36511;44.447504;P1;02/01/2014 22:59;O
LIG_0359;a;N1;NS;9.387063;44.396145;P1;04/01/2014 13:30;O
LIG_0360;a;N1;NS;9.450057;44.292148;P1;04/01/2014 16:00;OD
LIG_0361;a;N1;NS;9.173687;44.409722;P1;04/01/2014 20:00;OD
LIG_0362;a;N1;NS;9.413868;44.370195;P1;04/01/2014 16:00;OD
LIG_0363;a;N1;NS;8.936901;44.477615;P1;06/01/2014 03:00;OD
LIG_0364;a;N1;FC;7.56762;43.914161;P1;06/01/2014 04:00;OD
LIG_0365;a;N1;NS;9.799286;44.132943;P1;14/01/2014 07:00;OD
LIG_0366;a;N1;FC;8.06827;43.889902;P1;15/01/2014 14:00;OD
LIG_0367;a;N2;FS;7.863923;43.840101;P1;16/01/2014 21:00;OD
LIG_0368;a;N1;NS;8.003846;44.025504;P1;17/01/2014 04:00;OD
LIG_0369;a;N1;NS;8.072731;44.034162;P1;17/01/2014 06:50;O
LIG_0370;a;N1;NS;8.015437;44.034216;P1;19/01/2014 07:00;OD
LIG_0371;a;N1;FC;8.168787;43.961481;P1;17/01/2014 02:00;O
LIG_0372;a;N1;FC;8.238905;44.104883;P1;17/01/2014 04:00;OD
LIG_0373;a;N1;NS;7.818156;43.908427;P2;18/01/2014 17:00;OD
LIG_0374;a;N1;NS;7.84424;43.883606;P1;17/01/2014 04:00;OD
LIG_0375;a;N1;NS;7.770045;43.825184;P1;16/01/2014 22:59;OD
LIG_0376;a;N1;NS;9.360263;44.356085;P1;17/01/2014 04:00;OD
LIG_0377;a;N1;NS;9.142339;44.440341;P1;17/01/2014 10:45;OD
LIG_0378;a;N1;NS;9.387958;44.411923;P1;17/01/2014 10:00;OD
LIG_0379;a;N1;FS;7.676755;43.928347;P1;17/01/2014 07:00;OD
LIG_0380;a;N1;NS;8.135794;43.942248;P1;17/01/2014 11:45;O
LIG_0381;a;N1;NS;9.914928;44.113695;P1;17/01/2014 12:00;O
LIG_0382;a;N1;CF;7.685831;43.960685;P1;17/01/2014 16:00;OD
LIG_0383;a;N1;NS;7.767998;43.993379;P1;17/01/2014 12:00;OD
LIG_0384;a;N1;NS;8.21645;44.096321;P1;17/01/2014 07:50;OD
LIG_0385;a;N1;NS;7.605111;43.84226;P1;17/01/2014 22:59;G
LIG_0386;a;N1;NS;7.688968;43.788362;P1;18/01/2014 07:00;O
LIG_0387;a;N1;NS;7.770045;43.825184;P1;18/01/2014 04:00;OD
LIG_0388;a;N1;FS;7.674525;43.800957;P1;19/01/2014 11:00;OD
LIG_0389;a;N1;FS;9.056303;44.380339;P1;19/01/2014 11:00;OD
LIG_0390;a;N1;NS;7.688968;43.788362;P1;19/01/2014 16:00;OD
LIG_0391;a;N1;NS;9.790876;44.2432;P2;19/01/2014 04:00;OD
LIG_0392;a;N1;NS;7.597048;43.794162;P1;19/01/2014 02:30;O
LIG_0393;a;N1;NS;7.739123;43.7968;P1;20/01/2014 11:00;OD
LIG_0395;a;N1;NS;7.688966;43.788358;P1;05/02/2014 17:30;OD
LIG_0396;a;N1;NS;7.664317;43.846033;P2;05/02/2014 17:00;OD
LIG_0397;a;N1;NS;8.702054;44.413677;P2;05/02/2014 22:00;OD
LIG_0398;a;N1;NS;8.0659;43.892001;P1;06/02/2014 03:00;OD
LIG_0399;a;N1;NS;8.379704;44.327216;P1;06/02/2014 10:00;OD
LIG_0400;a;N1;FC;8.236822;44.101942;P1;06/02/2014 07:00;OD
LIG_0401;a;N1;NS;8.071762;44.03609;P1;05/02/2014 18:00;O
LIG_0402;a;N1;FC;8.908033;44.416003;P1;08/02/2014 19:00;OD
LIG_0405;a;N1;NS;8.902784;44.439527;P1;09/02/2014 05:30;O
LIG_0408;a;N1;CF;9.378505;44.383938;P1;09/02/2014 04:00;OD
LIG_0409;a;N1;FC;7.827803;43.838773;P1;09/02/2014 07:00;OD
LIG_0410;a;N1;FC;8.172764;43.957532;P1;08/02/2014 22:30;O
LIG_0412;a;N1;NS;8.192187;44.02408;P1;10/02/2014 10:00;OD
LIG_0413;a;N1;FC;9.689184;44.133893;P2;08/02/2014 04:00;OD
LIG_0414;a;N1;NS;9.825925;44.173666;P1;10/02/2014 13:00;O
LIG_0415;a;N1;NS;9.738821;44.24481;P2;11/02/2014 04:00;OD
LIG_0416;a;N1;NS;8.895372;44.461471;P1;26/02/2014 16:00;OD
LIG_0417;a;N1;NS;8.900022;44.42631;P2;01/03/2014 08:00;OD
LIG_0418;a;N1;FC;8.905978;44.443414;P2;01/03/2014 09:30;OD
LIG_0419;a;N1;NS;9.296202;44.356912;P1;01/03/2014 04:00;OD
LIG_0420;a;N1;NS;8.874219;44.522727;P1;02/03/2014 19:00;OD
LIG_0421;a;N1;FC;8.271213;44.177625;P1;04/03/2014 06:15;O
LIG_0423;a;N1;NS;8.447363;44.250715;P1;03/03/2014 10:00;OD
LIG_0424;a;N1;NS;8.970061;44.459583;P1;09/10/2014 10:00;OD
LIG_0425;a;N1;CF;8.943166;44.537209;P1;10/10/2014 15:42;O
LIG_0426;a;N1;NS;8.908992;44.469505;P2;10/10/2014 16:00;OD
LIG_0427;a;N1;NS;8.887273;44.447679;P1;10/10/2014 11:20;O
LIG_0428;a;N1;NS;9.239796;44.372587;P2;09/10/2014 23:45;O
LIG_0429;a;N1;NS;9.3401;44.466791;P1;10/10/2014 07:00;OD
LIG_0430;a;N1;NS;8.797877;44.442542;P3;11/10/2014 08:00;OD
LIG_0431;a;N1;NS;8.948491;44.626054;P2;11/10/2014 08:00;OD
LIG_0432;a;N1;NS;9.144011;44.377834;P1;11/10/2014 10:50;O
LIG_0433;a;N1;NS;8.839094;44.487241;P3;11/10/2013 07:00;OD
LIG_0434;a;N1;NS;9.23045;44.406933;P1;11/10/2014 10:00;OD
LIG_0435;a;N1;NS;9.197908;44.361547;P1;11/10/2014 10:00;OD
LIG_0436;a;N1;FS;9.257879;44.429177;P1;11/10/2014 06:00;OD
LIG_0437;a;N1;NS;8.94349938;44.42067584;p1;11/10/2014 07:00;OD
LIG_0438;a;N1;FS;9.148465;44.386682;P1;10/10/2014 07:00;OD
LIG_0439;a;N1;NS;8.945639;44.66453;P3;13/10/2014 08:00;OD
LIG_0440;a;N1;NS;8.698551;44.540028;P1;13/10/2014 07:00;
LIG_0441;a;N1;NS;7.579972;43.796019;P2;04/11/2014 20:00;OD
LIG_0442;a;N1;FC;8.487544;44.313254;P1;05/11/2014 08:30;O
LIG_0443;a;N1;NS;7.525456;43.879293;P2;05/11/2014 07:00;OD
LIG_0444;a;N1;NS;9.042574;44.51257;P1;06/11/2014 07:00;OD
LIG_0445;a;N1;FC;9.437936;44.246757;P1;06/11/2014 10:00;O
LIG_0446;a;N1;FC;8.916589;44.424149;P1;06/11/2014 14:00;OD
LIG_0447;a;N1;FC;9.426083;44.259632;P1;10/11/2014 16:30;OD
LIG_0448;a;N1;NS;7.579988;43.795908;P1;10/11/2014 16:00;OD
LIG_0449;a;N1;NS;9.280947;44.330686;P2;10/11/2014 22:00;OD
LIG_0450;a;N1;FC;8.807545;44.432162;P2;10/11/2014 19:00;OD
LIG_0451;a;N2;NS;9.36301;44.354311;P1;10/11/2014 21:00;OD
LIG_0452;a;N1;FS;9.235585;44.358489;P1;11/11/2014 07:00;OD
LIG_0453;a;N1;NS;9.404457;44.403172;P1;11/11/2014 07:00;OD
LIG_0454;a;N1;NS;9.209258;44.30975;P1;11/11/2014 10:00;OD
LIG_0455;a;N1;NS;9.009368;44.390277;P1;11/11/2014 05:00;O
LIG_0456;a;N1;FC;8.194156;44.024129;P1;11/11/2014 20:15;O
LIG_0457;a;N1;FS;9.409372;44.34918;P1;11/11/2014 02:00;OD
LIG_0458;a;N1;FC;8.533758;44.334461;P1;11/11/2014 08:00;OD
LIG_0459;a;N1;NS;8.216625;44.12048;P1;11/11/2014 22:59;OD
LIG_0460;a;N1;FS;8.78482;44.434936;P1;12/11/2014 04:30;O
LIG_0461;a;N1;NS;8.906584;44.441608;P1;12/11/2014 04:00;OD
LIG_0462;a;N1;NS;8.847293;44.450531;P2;12/11/2014 04:00;OD
LIG_0463;a;N2;NS;8.768707;44.431439;P2;12/11/2014 04:00;OD
LIG_0464;a;N1;NS;8.480418;44.359299;P2;12/11/2014 04:00;OD
LIG_0465;a;N1;NS;8.51985;44.338239;P2;12/11/2014 04:00;OD
LIG_0466;a;N1;NS;8.737534;44.470087;P1;12/11/2014 07:00;OD
LIG_0467;a;N1;FS;8.921584;44.539942;P1;12/11/2014 04:00;OD
LIG_0468;a;N1;CF;7.867651;43.954743;P1;12/11/2014 04:00;OD
LIG_0470;a;N1;NS;8.784757;44.429907;P1;11/11/2014 12:00;OD
LIG_0471;a;N1;NS;8.908271;44.494211;P1;13/11/2014 05:00;OD
LIG_0472;a;N1;NS;9.34397857;44.35924409;P1;13/11/2014 05:00;OD
LIG_0473;a;N1;NS;8.479086;44.356934;P2;15/11/2014 04:00;OD
LIG_0474;a;N1;NS;8.366209;44.181359;P2;15/11/2014 07:00;OD
LIG_0475;a;N1;NS;8.193773;44.023817;P1;15/11/2014 07:00;OD
LIG_0476;a;N2;NS;8.257476;44.191419;P2;15/11/2014 08:00;OD
LIG_0477;a;N1;NS;8.55597;44.381828;P1;15/11/2014 08:00;OD
LIG_0478;a;N1;NS;8.154352;44.04814296;P1;15/11/2014 06:00;OD
LIG_0479;a;N1;FS;8.908288;44.467573;P1;15/11/2014 17:00;OD
LIG_0480;a;N1;NS;8.668305;44.570993;P1;15/11/2014 15:00;OD
LIG_0481;a;N1;NS;8.693147;44.53895;P1;15/11/2014 15:00;OD
LIG_0482;a;N1;NS;8.917735;44.541191;P1;15/11/2014 12:00;OD
LIG_0483;a;N2;NS;8.897919;44.497254;P1;15/11/2014 10:00;OD
LIG_0484;a;N1;NS;8.790737;44.437557;P1;15/11/2014 14:00;OD
LIG_0485;a;N1;NS;8.556299;44.347746;P1;15/11/2014 13:00;OD
LIG_0486;a;N2;NS;7.888189;44.026124;P2;15/11/2014 07:00;OD
LIG_0487;a;N1;FS;8.751239;44.457114;P1;15/11/2014 20:00;OD
LIG_0488;a;N1;NS;8.054079;44.030933;P1;15/11/2014 22:59;G
LIG_0489;a;N1;FC;9.245695;44.468134;P1;17/11/2014 11:00;OD
LIG_0490;a;N1;NS;9.776453;44.203035;P1;27/11/2014 20:00;OD
LIG_0491;a;N1;NS;9.031334;44.450342;P1;28/11/2014 04:00;OD
LIG_0492;a;N1;NS;9.067369;44.385365;P1;28/11/2014 04:00;OD
LIG_0494;a;N1;FS;8.08037;44.043478;P1;15/11/2014 22:59;G
LIG_0495;a;N1;NS;8.67642;44.402274;P1;15/11/2014 04:00;OD
LIG_0496;a;N1;NS;8.927958;44.57377;P1;15/11/2014 11:30;OD
LIG_0497;a;N1;FC;9.252777;44.415296;P1;17/11/2014 14:00;OD
LIG_0500;a;N1;CF;9.390943;44.419927;P1;11/11/2014 12:00;OD
LIG_0501;a;N1;FS;8.897944;44.530593;P1;16/11/2014 15:00;OD
LIG_0502;a;N1;NS;9.078412;44.444061;P1;05/03/2006 11:00;OD
LIG_0503;a;N1;NS;8.730547;44.431539;P1;15/09/2006 00:30;OD
LIG_0504;a;N1;NS;8.974991;44.415278;P1;15/09/2006 06:00;OD
LIG_0505;a;N1;NS;8.791888;44.433764;P1;15/09/2006 12:30;OD
LIG_0506;a;N1;NS;8.821043;44.460739;P2;01/06/2007 07:00;OD
LIG_0507;a;N1;NS;9.004449;44.440111;P1;05/02/2009 23:30;OD
LIG_0508;a;N1;NS;8.940452;44.558891;P1;16/06/2008 00:30;OD
LIG_0509;a;N1;NS;9.238061;44.375455;P1;28/12/2013 12:30;OD
LIG_0510;a;N1;CT;9.152452;44.41291;P1;09/03/2013 08:00;OD
LIG_0511;a;N1;NS;8.83331;44.473697;P1;27/09/2010 20:00;OD
LIG_0512;a;N1;NS;8.736768;44.434984;P1;17/09/2009 05:00;OD
LIG_0514;a;N1;FS;8.916884;44.594533;P1;26/12/2013 02:00;OD
LIG_0515;a;N1;NS;9.433918;44.449777;P1;20/02/2006 13:00;OD
LIG_0516;a;N1;NS;7.939686;43.854357;P2;18/09/2008 21:59;OD
LIG_0517;a;N1;FC;7.81055;43.83503;P1;28/10/2012 14:30;O
LIG_0519;a;N1;NS;8.464727;44.332158;P1;15/03/2011 13:50;OD
LIG_0520;a;N1;NS;8.044639;44.029428;P1;16/03/2011 00:50;OD
LIG_0521;a;N1;NS;8.267349;44.219841;P1;16/03/2011 02:20;OD
LIG_0522;a;N1;NS;8.494329;44.322778;P1;18/03/2011 07:30;OD
LIG_0525;a;N1;NS;8.26382;44.405317;P1;04/11/2011 08:30;OD
LIG_0526;a;N1;NS;8.344389;44.45644;P1;06/11/2011 21:40;OD
LIG_0527;a;N1;NS;8.564978;44.348646;P1;08/11/2011 20:10;OD
LIG_0528;a;N1;NS;8.386479;44.226909;P1;09/11/2011 09:10;OD
LIG_0529;a;N1;NS;8.285291;44.194546;P1;01/05/2012 08:10;OD
LIG_0530;a;N1;NS;8.258552;44.392933;P2;01/11/2012 09:50;OD
LIG_0531;a;N1;NS;8.259755;44.22211;P1;28/11/2012 15:30;OD
LIG_0532;a;N1;NS;8.305423;44.18;P1;29/11/2012 08:00;OD
LIG_0533;a;N1;NS;8.167829;44.123718;P1;08/03/2013 02:00;O
LIG_0534;a;N1;NS;8.515267;44.390379;P1;16/05/2013 07:50;OD
LIG_0535;a;N1;NS;8.542616;44.401491;P2;16/05/2013 09:50;OD
LIG_0536;a;N1;NS;8.322481;44.371616;P1;17/05/2013 13:25;OD
LIG_0537;a;N1;NS;8.542322;44.39835;P1;19/05/2013 04:30;OD
LIG_0538;a;N1;FC;8.492425;44.317767;P1;19/11/2013 14:00;OD
LIG_0539;a;N1;NS;8.355883;44.199488;P3;25/12/2013 16:15;OD
LIG_0540;a;N1;NS;8.615944;44.468662;P1;26/12/2013 08:45;OD
LIG_0541;a;N1;NS;8.482263;44.47063;P1;26/12/2013 14:50;OD
LIG_0542;a;N2;NS;8.471044;44.38639;P2;26/12/2013 16:20;OD
LIG_0543;a;N1;NS;8.433705;44.265423;P1;27/12/2013 09:15;OD
LIG_0544;a;N1;NS;8.271417;44.189895;P1;04/01/2014 09:20;OD
LIG_0546;a;N1;NS;8.598711;44.364293;P1;03/02/2014 02:15;OD
LIG_0547;a;N1;NS;8.467254;44.329634;P1;05/02/2014 19:10;OD
LIG_0548;a;N1;NS;8.464156;44.374063;P2;07/02/2014 11:35;OD
LIG_0549;a;N1;NS;8.163752;43.967891;P2;08/02/2014 19:45;OD
LIG_0550;a;N1;NS;8.478927;44.419199;P1;02/03/2014 23:20;OD
LIG_0551;a;N1;NS;8.32974;44.215047;P2;09/10/2014 18:50;OD
LIG_0552;a;N1;NS;8.441558;44.344215;P2;07/10/2014 13:20;OD
LIG_0553;a;N1;NS;8.199763;44.034882;P1;12/11/2014 08:15;OD
LIG_0554;a;N1;NS;8.221302;44.090441;P1;13/11/2014 17:00;OD
LIG_0555;a;N1;NS;8.503897;44.343735;P1;15/11/2014 06:45;OD
LIG_0556;a;N1;NS;8.225708;44.097619;P1;15/11/2014 10:30;OD
LIG_0557;a;N1;NS;8.525993;44.394806;P1;15/11/2014 15:00;OD
LIG_0558;a;N1;NS;8.451245;44.304767;P1;16/11/2014 06:00;OD
LIG_0559;a;N1;NS;8.62393;44.37905;P1;17/11/2014 12:20;OD
LIG_0560;a;N1;NS;8.488156;44.40037;P1;18/11/2014 16:20;OD
LIG_0562;a;N1;NS;8.08131;44.145036;P1;30/11/2014 11:45;OD
